<?xml version="1.0" encoding="UTF-8"?>
<ofd:OFD xmlns:ofd="http://www.ofdspec.org/2016" DocType="OFD" Version="1.1">  
  <ofd:DocBody> 
    <ofd:DocInfo> 
      <ofd:DocID>b349cc3b4df64b439e01265ea5d34965</ofd:DocID>  
      <ofd:CreationDate>2020-03-17</ofd:CreationDate>  
      <ofd:CustomDatas> 
        <ofd:CustomData Name="native-producer">SuwellFormSDK</ofd:CustomData>  
        <ofd:CustomData Name="producer-version">1.0</ofd:CustomData>  
        <ofd:CustomData Name="价税合计">109.00</ofd:CustomData>  
        <ofd:CustomData Name="发票代码">395834739773</ofd:CustomData>  
        <ofd:CustomData Name="发票号码">20116529</ofd:CustomData>  
        <ofd:CustomData Name="合计金额">100.00</ofd:CustomData>  
        <ofd:CustomData Name="开票日期">2020年04月28日</ofd:CustomData>  
        <ofd:CustomData Name="校验码">16064818269161246176</ofd:CustomData>  
        <ofd:CustomData Name="购买方名称">乐信（上海）贸易有限公司</ofd:CustomData>  
        <ofd:CustomData Name="购买方纳税人识别号">91310000336466103C</ofd:CustomData>  
        <ofd:CustomData Name="销售方名称">深圳市晨光乳业有限公司</ofd:CustomData>  
        <ofd:CustomData Name="销售方纳税人识别号">91440300192370865R</ofd:CustomData> 
      </ofd:CustomDatas> 
    </ofd:DocInfo>  
    <ofd:DocRoot>Doc_0/Document.xml</ofd:DocRoot>  
    <ofd:Signatures>Doc_0/Signs/Signatures.xml</ofd:Signatures>
  </ofd:DocBody> 
</ofd:OFD>
