<?xml version="1.0" encoding="UTF-8"?>
<ofd:Document xmlns:ofd="http://www.ofdspec.org/2016">
	<ofd:CommonData>
		<ofd:MaxUnitID>197</ofd:MaxUnitID>
		<ofd:PageArea>
			<ofd:PhysicalBox>0 0 210 140</ofd:PhysicalBox>
		</ofd:PageArea>
		<ofd:PublicRes>PublicRes.xml</ofd:PublicRes>
		<ofd:DocumentRes>DocumentRes.xml</ofd:DocumentRes>
		<ofd:TemplatePage ID="2" Name="北京市增值税电子发票" ZOrder="Background" BaseLoc="Temps/Temp_0/Content.xml"/>
		<ofd:DefaultCS>1</ofd:DefaultCS>
	</ofd:CommonData>
	<ofd:Pages>
		<ofd:Page ID="100" BaseLoc="Pages/Page_0/Content.xml"/>
	</ofd:Pages>
	<ofd:CustomTags>Tags/CustomTags.xml</ofd:CustomTags>
</ofd:Document>
