<?xml version="1.0" encoding="UTF-8"?>
<ofd:Document xmlns:ofd="http://www.ofdspec.org/2016">
    <ofd:CommonData>
                <ofd:MaxUnitID>10000</ofd:MaxUnitID>
        <ofd:TemplatePage ID="1" BaseLoc="Tpls/Tpl_0/Content.xml"/>
        <ofd:PageArea>
            <ofd:PhysicalBox>0 0 210 140</ofd:PhysicalBox>
        </ofd:PageArea>
        <ofd:PublicRes>PublicRes.xml</ofd:PublicRes>
        <ofd:DocumentRes>DocumentRes.xml</ofd:DocumentRes>
    </ofd:CommonData>
    <ofd:Pages>
        <ofd:Page ID="2" BaseLoc="Pages/Page_0/Content.xml"/>
    </ofd:Pages>
    <ofd:Annotations>Annots/Annotations.xml</ofd:Annotations>
    <ofd:Attachments>Attachs/Attachments.xml</ofd:Attachments>
    <ofd:CustomTags>Tags/CustomTags.xml</ofd:CustomTags>
</ofd:Document>