<?xml version="1.0" encoding="UTF-8"?>
<ofd:Res xmlns:ofd="http://www.ofdspec.org/2016" BaseLoc="Res">
    <ofd:ColorSpaces>
        <ofd:ColorSpace ID="82" Type="RGB" BitsPerComponent="8"/>
    </ofd:ColorSpaces>
    <ofd:Fonts>
        <ofd:Font ID="83" FontName="楷体" FamilyName="楷体"/>
        <ofd:Font ID="84" FontName="宋体" FamilyName="宋体"/>
        <ofd:Font ID="840" FontName="黑体" FamilyName="黑体"/>
        <ofd:Font ID="85" FontName="Courier New" FamilyName="Courier New"/>
    </ofd:Fonts>
</ofd:Res>