<?xml version="1.0" encoding="UTF-8"?>
<ofd:Page xmlns:ofd="http://www.ofdspec.org/2016">
    <ofd:Area>
        <ofd:PhysicalBox>0 0 210 140</ofd:PhysicalBox>
        <ofd:ApplicationBox>0 0 210 140</ofd:ApplicationBox>
        <ofd:BleedBox>0 0 210 140</ofd:BleedBox>
        <ofd:CropBox>0 0 210 140</ofd:CropBox>
    </ofd:Area>
    <ofd:Content>
        <ofd:Layer ID="3">
            <ofd:PathObject ID="4" Boundary="68.5 18 73 0.25" LineWidth="0.25">
                <ofd:StrokeColor Value="156 82 35"/>
                <ofd:AbbreviatedData>M 0 0 L 73 0 </ofd:AbbreviatedData>
            </ofd:PathObject>
            <ofd:PathObject ID="5" Boundary="68.5 19 73 0.25" LineWidth="0.25">
                <ofd:StrokeColor Value="156 82 35"/>
                <ofd:AbbreviatedData>M 0 0 L 73 0 </ofd:AbbreviatedData>
            </ofd:PathObject>
            <ofd:PathObject ID="6" Boundary="4.5 30 201 0.25" LineWidth="0.25">
                <ofd:StrokeColor Value="156 82 35" ColorSpace="82"/>
                <ofd:AbbreviatedData>M 0 0 L 201 0 </ofd:AbbreviatedData>
            </ofd:PathObject>
            <ofd:PathObject ID="7" Boundary="4.5 52 201 0.25" LineWidth="0.25">
                <ofd:StrokeColor Value="156 82 35" ColorSpace="82"/>
                <ofd:AbbreviatedData>M 0 0 L 201 0 </ofd:AbbreviatedData>
            </ofd:PathObject>
            <ofd:PathObject ID="8" Boundary="4.5 96 201 0.25" LineWidth="0.25">
                <ofd:StrokeColor Value="156 82 35" ColorSpace="82"/>
                <ofd:AbbreviatedData>M 0 0 L 201 0 </ofd:AbbreviatedData>
            </ofd:PathObject>
            <ofd:PathObject ID="9" Boundary="4.5 104 201 0.25" LineWidth="0.25">
                <ofd:StrokeColor Value="156 82 35" ColorSpace="82"/>
                <ofd:AbbreviatedData>M 0 0 L 201 0 </ofd:AbbreviatedData>
            </ofd:PathObject>
            <ofd:PathObject ID="10" Boundary="4.5 124 201 0.25" LineWidth="0.25">
                <ofd:StrokeColor Value="156 82 35" ColorSpace="82"/>
                <ofd:AbbreviatedData>M 0 0 L 201 0 </ofd:AbbreviatedData>
            </ofd:PathObject>
            <ofd:PathObject ID="11" Boundary="4.5 30 0.25 94" LineWidth="0.25">
                <ofd:StrokeColor Value="156 82 35" ColorSpace="82"/>
                <ofd:AbbreviatedData>M 0 0 L 0 94 </ofd:AbbreviatedData>
            </ofd:PathObject>
            <ofd:PathObject ID="12" Boundary="205.5 30 0.25 94" LineWidth="0.25">
                <ofd:StrokeColor Value="156 82 35" ColorSpace="82"/>
                <ofd:AbbreviatedData>M 0 0 L 0 94 </ofd:AbbreviatedData>
            </ofd:PathObject>
            <ofd:PathObject ID="13" Boundary="12.5 30 0.25 22" LineWidth="0.25">
                <ofd:StrokeColor Value="156 82 35" ColorSpace="82"/>
                <ofd:AbbreviatedData>M 0 0 L 0 22 </ofd:AbbreviatedData>
            </ofd:PathObject>
            <ofd:PathObject ID="14" Boundary="119.5 30 0.25 22" LineWidth="0.25">
                <ofd:StrokeColor Value="156 82 35" ColorSpace="82"/>
                <ofd:AbbreviatedData>M 0 0 L 0 22 </ofd:AbbreviatedData>
            </ofd:PathObject>
            <ofd:PathObject ID="15" Boundary="124.5 30 0.25 22" LineWidth="0.25">
                <ofd:StrokeColor Value="156 82 35" ColorSpace="82"/>
                <ofd:AbbreviatedData>M 0 0 L 0 22 </ofd:AbbreviatedData>
            </ofd:PathObject>
            <ofd:PathObject ID="16" Boundary="119.5 104 0.25 20" LineWidth="0.25">
                <ofd:StrokeColor Value="156 82 35" ColorSpace="82"/>
                <ofd:AbbreviatedData>M 0 0 L 0 20 </ofd:AbbreviatedData>
            </ofd:PathObject>
            <ofd:PathObject ID="17" Boundary="124.5 104 0.25 20" LineWidth="0.25">
                <ofd:StrokeColor Value="156 82 35" ColorSpace="82"/>
                <ofd:AbbreviatedData>M 0 0 L 0 20 </ofd:AbbreviatedData>
            </ofd:PathObject>
            <ofd:PathObject ID="18" Boundary="12.5 104 0.25 20" LineWidth="0.25">
                <ofd:StrokeColor Value="156 82 35" ColorSpace="82"/>
                <ofd:AbbreviatedData>M 0 0 L 0 20 </ofd:AbbreviatedData>
            </ofd:PathObject>
            <ofd:PathObject ID="19" Boundary="56.5 52 0.25 52" LineWidth="0.25">
                <ofd:StrokeColor Value="156 82 35" ColorSpace="82"/>
                <ofd:AbbreviatedData>M 0 0 L 0 52 </ofd:AbbreviatedData>
            </ofd:PathObject>
            <ofd:PathObject ID="20" Boundary="82.5 52 0.25 44" LineWidth="0.25">
                <ofd:StrokeColor Value="156 82 35" ColorSpace="82"/>
                <ofd:AbbreviatedData>M 0 0 L 0 44 </ofd:AbbreviatedData>
            </ofd:PathObject>
            <ofd:PathObject ID="21" Boundary="94.5 52 0.25 44" LineWidth="0.25">
                <ofd:StrokeColor Value="156 82 35" ColorSpace="82"/>
                <ofd:AbbreviatedData>M 0 0 L 0 44 </ofd:AbbreviatedData>
            </ofd:PathObject>
            <ofd:PathObject ID="22" Boundary="114.5 52 0.25 44.68" LineWidth="0.25">
                <ofd:StrokeColor Value="156 82 35" ColorSpace="82"/>
                <ofd:AbbreviatedData>M 0 0 L 0 44 </ofd:AbbreviatedData>
            </ofd:PathObject>
            <ofd:PathObject ID="23" Boundary="134.5 52 0.25 44" LineWidth="0.25">
                <ofd:StrokeColor Value="156 82 35" ColorSpace="82"/>
                <ofd:AbbreviatedData>M 0 0 L 0 44 </ofd:AbbreviatedData>
            </ofd:PathObject>
            <ofd:PathObject ID="24" Boundary="164.5 52 0.25 44" LineWidth="0.25">
                <ofd:StrokeColor Value="156 82 35" ColorSpace="82"/>
                <ofd:AbbreviatedData>M 0 0 L 0 44 </ofd:AbbreviatedData>
            </ofd:PathObject>
            <ofd:PathObject ID="25" Boundary="175.5 52 0.25 44" LineWidth="0.25">
                <ofd:StrokeColor Value="156 82 35" ColorSpace="82"/>
                <ofd:AbbreviatedData>M 0 0 L 0 44 </ofd:AbbreviatedData>
            </ofd:PathObject>
            <ofd:TextObject ID="26" Boundary="68.5 7 80 6.35" Font="83" Size="6.61">
                <ofd:FillColor Value="156 82 35" ColorSpace="82"/>
                <ofd:StrokeColor Value="156 82 35" Alpha="0"/>
                <ofd:TextCode X="0.9525" Y="5.4504" DeltaX="6.5 6.5 6.5 6.5 6.5 6.5 6.5 6.5 6.5 6.5">重庆增值税电子专用发票</ofd:TextCode>
            </ofd:TextObject>
            <ofd:TextObject ID="27" Boundary="5.5 25 16.91 3.46" Font="83" Size="3.17">
                <ofd:FillColor Value="156 82 35" ColorSpace="82"/>
                <ofd:StrokeColor Value="156 82 35" Alpha="0"/>
                <ofd:TextCode X="0.5186" Y="2.734" DeltaX="3.17 3.17 3.18 3.18">机器编号：</ofd:TextCode>
            </ofd:TextObject>
            <ofd:TextObject ID="28" Boundary="148.5 7.5 16.91 4" Font="83" Size="3.17">
                <ofd:FillColor Value="156 82 35" ColorSpace="82"/>
                <ofd:StrokeColor Value="156 82 35" Alpha="0"/>
                <ofd:TextCode X="0.5186" Y="2.734" DeltaX="3.17 3.17 3.18 3.18">发票代码：</ofd:TextCode>
            </ofd:TextObject>
            <ofd:TextObject ID="29" Boundary="148.5 13 16.91 4" Font="83" Size="3.17">
                <ofd:FillColor Value="156 82 35" ColorSpace="82"/>
                <ofd:StrokeColor Value="156 82 35" Alpha="0"/>
                <ofd:TextCode X="0.5186" Y="2.734" DeltaX="3.17 3.17 3.18 3.18">发票号码：</ofd:TextCode>
            </ofd:TextObject>
            <ofd:TextObject ID="30" Boundary="148.5 18.67 16.91 4" Font="83" Size="3.17">
                <ofd:FillColor Value="156 82 35" ColorSpace="82"/>
                <ofd:StrokeColor Value="156 82 35" Alpha="0"/>
                <ofd:TextCode X="0.5186" Y="2.734" DeltaX="3.17 3.17 3.18 3.18">开票日期：</ofd:TextCode>
            </ofd:TextObject>
            <ofd:TextObject ID="31" Boundary="148.5 24.17 4.21 4" Font="83" Size="3.17">
                <ofd:FillColor Value="156 82 35" ColorSpace="82"/>
                <ofd:StrokeColor Value="156 82 35" Alpha="0"/>
                <ofd:TextCode X="0.5186" Y="2.734">校</ofd:TextCode>
            </ofd:TextObject>
            <ofd:TextObject ID="32" Boundary="153.26 24.17 4.21 4" Font="83" Size="3.17">
                <ofd:FillColor Value="156 82 35" ColorSpace="82"/>
                <ofd:StrokeColor Value="156 82 35" Alpha="0"/>
                <ofd:TextCode X="0.5186" Y="2.734">验</ofd:TextCode>
            </ofd:TextObject>
            <ofd:TextObject ID="33" Boundary="158 24.17 7.39 4" Font="83" Size="3.17">
                <ofd:FillColor Value="156 82 35" ColorSpace="82"/>
                <ofd:StrokeColor Value="156 82 35" Alpha="0"/>
                <ofd:TextCode X="0.5186" Y="2.734" DeltaX="3.17">码：</ofd:TextCode>
            </ofd:TextObject>
            <ofd:TextObject ID="34" Boundary="13 31.56 4.21 3.46" Font="83" Size="3.17">
                <ofd:FillColor Value="156 82 35" ColorSpace="82"/>
                <ofd:StrokeColor Value="156 82 35" Alpha="0"/>
                <ofd:TextCode X="0.5186" Y="2.734">名</ofd:TextCode>
            </ofd:TextObject>
            <ofd:TextObject ID="35" Boundary="28.88 31.56 7.39 3.46" Font="83" Size="3.17">
                <ofd:FillColor Value="156 82 35" ColorSpace="82"/>
                <ofd:StrokeColor Value="156 82 35" Alpha="0"/>
                <ofd:TextCode X="0.5186" Y="2.734" DeltaX="3.17">称：</ofd:TextCode>
            </ofd:TextObject>
            <ofd:TextObject ID="36" Boundary="6.6 32.78 4.11 4.41" Font="83" Size="3.17">
                <ofd:FillColor Value="156 82 35" ColorSpace="82"/>
                <ofd:StrokeColor Value="156 82 35" Alpha="0"/>
                <ofd:TextCode X="0.25" Y="3.15">购</ofd:TextCode>
            </ofd:TextObject>
            <ofd:TextObject ID="37" Boundary="6.6 39.13 4.11 4.41" Font="83" Size="3.17">
                <ofd:FillColor Value="156 82 35" ColorSpace="82"/>
                <ofd:StrokeColor Value="156 82 35" Alpha="0"/>
                <ofd:TextCode X="0.25" Y="3.15">买</ofd:TextCode>
            </ofd:TextObject>
            <ofd:TextObject ID="38" Boundary="6.6 45.48 4.11 4.41" Font="83" Size="3.17">
                <ofd:FillColor Value="156 82 35" ColorSpace="82"/>
                <ofd:StrokeColor Value="156 82 35" Alpha="0"/>
                <ofd:TextCode X="0.25" Y="3.15">方</ofd:TextCode>
            </ofd:TextObject>
            <ofd:TextObject ID="39" Boundary="13 36.85 23.26 3.46" Font="83" Size="3.17">
                <ofd:FillColor Value="156 82 35" ColorSpace="82"/>
                <ofd:StrokeColor Value="156 82 35" Alpha="0"/>
                <ofd:TextCode X="0.5186" Y="2.734" DeltaX="3.17 3.17 3.18 3.18 3.18 3.17">纳税人识别号：</ofd:TextCode>
            </ofd:TextObject>
            <ofd:TextObject ID="40" Boundary="13 42.39 4.21 3.46" Font="83" Size="3.17">
                <ofd:FillColor Value="156 82 35" ColorSpace="82"/>
                <ofd:StrokeColor Value="156 82 35" Alpha="0"/>
                <ofd:TextCode X="0.5186" Y="2.734">地</ofd:TextCode>
            </ofd:TextObject>
            <ofd:TextObject ID="41" Boundary="17.7 42.39 4.21 3.46" Font="83" Size="3.17">
                <ofd:FillColor Value="156 82 35" ColorSpace="82"/>
                <ofd:StrokeColor Value="156 82 35" Alpha="0"/>
                <ofd:TextCode X="0.5186" Y="2.734">址</ofd:TextCode>
            </ofd:TextObject>
            <ofd:TextObject ID="42" Boundary="21.35 42.39 4.21 3.46" Font="83" Size="3.17">
                <ofd:FillColor Value="156 82 35" ColorSpace="82"/>
                <ofd:StrokeColor Value="156 82 35" Alpha="0"/>
                <ofd:TextCode X="0.5186" Y="2.734">、</ofd:TextCode>
            </ofd:TextObject>
            <ofd:TextObject ID="43" Boundary="23.7 42.39 4.21 3.46" Font="83" Size="3.17">
                <ofd:FillColor Value="156 82 35" ColorSpace="82"/>
                <ofd:StrokeColor Value="156 82 35" Alpha="0"/>
                <ofd:TextCode X="0.5186" Y="2.734">电</ofd:TextCode>
            </ofd:TextObject>
            <ofd:TextObject ID="44" Boundary="28.5 42.39 4.21 3.46" Font="83" Size="3.17">
                <ofd:FillColor Value="156 82 35" ColorSpace="82"/>
                <ofd:StrokeColor Value="156 82 35" Alpha="0"/>
                <ofd:TextCode X="0.5186" Y="2.734">话</ofd:TextCode>
            </ofd:TextObject>
            <ofd:TextObject ID="45" Boundary="31.7 42.39 4.21 3.46" Font="83" Size="3.17">
                <ofd:FillColor Value="156 82 35" ColorSpace="82"/>
                <ofd:StrokeColor Value="156 82 35" Alpha="0"/>
                <ofd:TextCode X="0.5186" Y="2.734">：</ofd:TextCode>
            </ofd:TextObject>
            <ofd:TextObject ID="46" Boundary="13 47.73 23.26 3.46" Font="83" Size="3.17">
                <ofd:FillColor Value="156 82 35" ColorSpace="82"/>
                <ofd:StrokeColor Value="156 82 35" Alpha="0"/>
                <ofd:TextCode X="0.5186" Y="2.734" DeltaX="3.17 3.17 3.18 3.18 3.18 3.17">开户行及账号：</ofd:TextCode>
            </ofd:TextObject>
            <ofd:TextObject ID="47" Boundary="120.12 32.49 4.11 4.41" Font="83" Size="3.17">
                <ofd:FillColor Value="156 82 35" ColorSpace="82"/>
                <ofd:StrokeColor Value="156 82 35" Alpha="0"/>
                <ofd:TextCode X="0.25" Y="3.15">密</ofd:TextCode>
            </ofd:TextObject>
            <ofd:TextObject ID="48" Boundary="120.12 38.84 4.11 4.41" Font="83" Size="3.17">
                <ofd:FillColor Value="156 82 35" ColorSpace="82"/>
                <ofd:StrokeColor Value="156 82 35" Alpha="0"/>
                <ofd:TextCode X="0.25" Y="3.15">码</ofd:TextCode>
            </ofd:TextObject>
            <ofd:TextObject ID="49" Boundary="120.12 45.19 4.11 4.41" Font="83" Size="3.17">
                <ofd:FillColor Value="156 82 35" ColorSpace="82"/>
                <ofd:StrokeColor Value="156 82 35" Alpha="0"/>
                <ofd:TextCode X="0.25" Y="3.15">区</ofd:TextCode>
            </ofd:TextObject>
            <ofd:TextObject ID="50" Boundary="24 53 39.14 4" Font="83" Size="3.17">
                <ofd:FillColor Value="156 82 35" ColorSpace="82"/>
                <ofd:StrokeColor Value="156 82 35" Alpha="0"/>
                <ofd:TextCode X="0.5186" Y="2.734" DeltaX="3.17 3.17 3.18 3.18 3.18 3.17 3.17 3.17 3.17 3.17 3.17">项目名称</ofd:TextCode>
            </ofd:TextObject>
            <ofd:TextObject ID="51" Boundary="63.4 53 13.74 3.46" Font="83" Size="3.17">
                <ofd:FillColor Value="156 82 35" ColorSpace="82"/>
                <ofd:StrokeColor Value="156 82 35" Alpha="0"/>
                <ofd:TextCode X="0.5186" Y="2.734" DeltaX="3.17 3.17 3.18">规格型号</ofd:TextCode>
            </ofd:TextObject>
            <ofd:TextObject ID="52" Boundary="84.5 53 7.39 3.46" Font="83" Size="3.17">
                <ofd:FillColor Value="156 82 35" ColorSpace="82"/>
                <ofd:StrokeColor Value="156 82 35" Alpha="0"/>
                <ofd:TextCode X="0.5186" Y="2.734" DeltaX="3.17">单位</ofd:TextCode>
            </ofd:TextObject>
            <ofd:TextObject ID="53" Boundary="98.8 53 4.21 3.46" Font="83" Size="3.17">
                <ofd:FillColor Value="156 82 35" ColorSpace="82"/>
                <ofd:StrokeColor Value="156 82 35" Alpha="0"/>
                <ofd:TextCode X="0.5186" Y="2.734">数</ofd:TextCode>
            </ofd:TextObject>
            <ofd:TextObject ID="54" Boundary="105.1 53 4.21 3.46" Font="83" Size="3.17">
                <ofd:FillColor Value="156 82 35" ColorSpace="82"/>
                <ofd:StrokeColor Value="156 82 35" Alpha="0"/>
                <ofd:TextCode X="0.5186" Y="2.734">量</ofd:TextCode>
            </ofd:TextObject>
            <ofd:TextObject ID="55" Boundary="120 53 4.21 3.46" Font="83" Size="3.17">
                <ofd:FillColor Value="156 82 35" ColorSpace="82"/>
                <ofd:StrokeColor Value="156 82 35" Alpha="0"/>
                <ofd:TextCode X="0.5186" Y="2.734">单</ofd:TextCode>
            </ofd:TextObject>
            <ofd:TextObject ID="56" Boundary="125.3 53 4.21 3.46" Font="83" Size="3.17">
                <ofd:FillColor Value="156 82 35" ColorSpace="82"/>
                <ofd:StrokeColor Value="156 82 35" Alpha="0"/>
                <ofd:TextCode X="0.5186" Y="2.734">价</ofd:TextCode>
            </ofd:TextObject>
            <ofd:TextObject ID="57" Boundary="144.17 53 4.21 3.46" Font="83" Size="3.17">
                <ofd:FillColor Value="156 82 35" ColorSpace="82"/>
                <ofd:StrokeColor Value="156 82 35" Alpha="0"/>
                <ofd:TextCode X="0.5186" Y="2.734">金</ofd:TextCode>
            </ofd:TextObject>
            <ofd:TextObject ID="58" Boundary="150.87 53 4.21 3.46" Font="83" Size="3.17">
                <ofd:FillColor Value="156 82 35" ColorSpace="82"/>
                <ofd:StrokeColor Value="156 82 35" Alpha="0"/>
                <ofd:TextCode X="0.5186" Y="2.734">额</ofd:TextCode>
            </ofd:TextObject>
            <ofd:TextObject ID="59" Boundary="166.2 53 7.39 3.46" Font="83" Size="3.17">
                <ofd:FillColor Value="156 82 35" ColorSpace="82"/>
                <ofd:StrokeColor Value="156 82 35" Alpha="0"/>
                <ofd:TextCode X="0.5186" Y="2.734" DeltaX="3.17">税率</ofd:TextCode>
            </ofd:TextObject>
            <ofd:TextObject ID="60" Boundary="184.5 53 4.21 3.46" Font="83" Size="3.17">
                <ofd:FillColor Value="156 82 35" ColorSpace="82"/>
                <ofd:StrokeColor Value="156 82 35" Alpha="0"/>
                <ofd:TextCode X="0.5186" Y="2.734">税</ofd:TextCode>
            </ofd:TextObject>
            <ofd:TextObject ID="61" Boundary="191 53 4.21 3.46" Font="83" Size="3.17">
                <ofd:FillColor Value="156 82 35" ColorSpace="82"/>
                <ofd:StrokeColor Value="156 82 35" Alpha="0"/>
                <ofd:TextCode X="0.5186" Y="2.734">额</ofd:TextCode>
            </ofd:TextObject>
            <ofd:TextObject ID="62" Boundary="16.8 98.5 26.44 3.46" Font="83" Size="3.17">
                <ofd:FillColor Value="156 82 35" ColorSpace="82"/>
                <ofd:StrokeColor Value="156 82 35" Alpha="0"/>
                <ofd:TextCode X="0.5186" Y="2.734" DeltaX="3.17 3.17 3.18 3.18 3.18 3.17 3.17">价税合计（大写）</ofd:TextCode>
            </ofd:TextObject>
            <ofd:TextObject ID="63" Boundary="154 98.5 13.74 3.46" Font="83" Size="3.17">
                <ofd:FillColor Value="156 82 35" ColorSpace="82"/>
                <ofd:StrokeColor Value="156 82 35" Alpha="0"/>
                <ofd:TextCode X="0.5186" Y="2.734" DeltaX="3.17 3.17 3.18">（小写）</ofd:TextCode>
            </ofd:TextObject>
            <ofd:TextObject ID="64" Boundary="20 92 4.21 4" Font="83" Size="3.17">
                <ofd:FillColor Value="156 82 35" ColorSpace="82"/>
                <ofd:StrokeColor Value="156 82 35" Alpha="0"/>
                <ofd:TextCode X="0.5186" Y="3.5">合</ofd:TextCode>
            </ofd:TextObject>
            <ofd:TextObject ID="65" Boundary="34 92 4.21 4" Font="83" Size="3.17">
                <ofd:FillColor Value="156 82 35" ColorSpace="82"/>
                <ofd:StrokeColor Value="156 82 35" Alpha="0"/>
                <ofd:TextCode X="0.5186" Y="3.5">计</ofd:TextCode>
            </ofd:TextObject>
            <ofd:TextObject ID="66" Boundary="13 105.4 4.21 3.46" Font="83" Size="3.17">
                <ofd:FillColor Value="156 82 35" ColorSpace="82"/>
                <ofd:StrokeColor Value="156 82 35" Alpha="0"/>
                <ofd:TextCode X="0.5186" Y="2.734">名</ofd:TextCode>
            </ofd:TextObject>
            <ofd:TextObject ID="67" Boundary="28.8 105.4 7.39 3.46" Font="83" Size="3.17">
                <ofd:FillColor Value="156 82 35" ColorSpace="82"/>
                <ofd:StrokeColor Value="156 82 35" Alpha="0"/>
                <ofd:TextCode X="0.5186" Y="2.734" DeltaX="3.17">称：</ofd:TextCode>
            </ofd:TextObject>
            <ofd:TextObject ID="68" Boundary="6.6 106.3 4.11 4.41" Font="83" Size="3.17">
                <ofd:FillColor Value="156 82 35" ColorSpace="82"/>
                <ofd:StrokeColor Value="156 82 35" Alpha="0"/>
                <ofd:TextCode X="0.25" Y="3.15">销</ofd:TextCode>
            </ofd:TextObject>
            <ofd:TextObject ID="69" Boundary="6.6 112.7 4.11 4.41" Font="83" Size="3.17">
                <ofd:FillColor Value="156 82 35" ColorSpace="82"/>
                <ofd:StrokeColor Value="156 82 35" Alpha="0"/>
                <ofd:TextCode X="0.25" Y="3.15">售</ofd:TextCode>
            </ofd:TextObject>
            <ofd:TextObject ID="70" Boundary="6.6 119 4.11 4.41" Font="83" Size="3.17">
                <ofd:FillColor Value="156 82 35" ColorSpace="82"/>
                <ofd:StrokeColor Value="156 82 35" Alpha="0"/>
                <ofd:TextCode X="0.25" Y="3.15">方</ofd:TextCode>
            </ofd:TextObject>
            <ofd:TextObject ID="71" Boundary="13 110.28 23.26 3.46" Font="83" Size="3.17">
                <ofd:FillColor Value="156 82 35" ColorSpace="82"/>
                <ofd:StrokeColor Value="156 82 35" Alpha="0"/>
                <ofd:TextCode X="0.5186" Y="2.734" DeltaX="3.17 3.17 3.18 3.18 3.18 3.17">纳税人识别号：</ofd:TextCode>
            </ofd:TextObject>
            <ofd:TextObject ID="72" Boundary="13 114.77 4.21 3.46" Font="83" Size="3.17">
                <ofd:FillColor Value="156 82 35" ColorSpace="82"/>
                <ofd:StrokeColor Value="156 82 35" Alpha="0"/>
                <ofd:TextCode X="0.5186" Y="2.734">地</ofd:TextCode>
            </ofd:TextObject>
            <ofd:TextObject ID="73" Boundary="17.7 114.77 10.56 3.46" Font="83" Size="3.17">
                <ofd:FillColor Value="156 82 35" ColorSpace="82"/>
                <ofd:StrokeColor Value="156 82 35" Alpha="0"/>
                <ofd:TextCode X="0.5186" Y="2.734" DeltaX="3.17 3.17">址、电</ofd:TextCode>
            </ofd:TextObject>
            <ofd:TextObject ID="74" Boundary="28.8 114.97 7.39 3.46" Font="83" Size="3.17">
                <ofd:FillColor Value="156 82 35" ColorSpace="82"/>
                <ofd:StrokeColor Value="156 82 35" Alpha="0"/>
                <ofd:TextCode X="0.5186" Y="2.734" DeltaX="3.17">话：</ofd:TextCode>
            </ofd:TextObject>
            <ofd:TextObject ID="75" Boundary="13 119.46 20.09 3.46" Font="83" Size="3.17">
                <ofd:FillColor Value="156 82 35" ColorSpace="82"/>
                <ofd:StrokeColor Value="156 82 35" Alpha="0"/>
                <ofd:TextCode X="0.5186" Y="2.734" DeltaX="3.17 3.17 3.18 3.18 3.18">开户行及账号</ofd:TextCode>
            </ofd:TextObject>
            <ofd:TextObject ID="76" Boundary="32 119.46 4.21 3.46" Font="83" Size="3.17">
                <ofd:FillColor Value="156 82 35" ColorSpace="82"/>
                <ofd:StrokeColor Value="156 82 35" Alpha="0"/>
                <ofd:TextCode X="0.5186" Y="2.734">：</ofd:TextCode>
            </ofd:TextObject>
            <ofd:TextObject ID="77" Boundary="111 125.5 16.91 3" Font="83" Size="3.17">
                <ofd:FillColor Value="156 82 35" ColorSpace="82"/>
                <ofd:StrokeColor Value="156 82 35" Alpha="0"/>
                <ofd:TextCode X="0.5186" Y="2.734" DeltaX="3.17 3.17 3.18 3.18">开票人：</ofd:TextCode>
            </ofd:TextObject>
            <ofd:TextObject ID="78" Boundary="68 125.5 16.91 3" Font="83" Size="3.17">
                <ofd:FillColor Value="156 82 35" ColorSpace="82"/>
                <ofd:StrokeColor Value="156 82 35" Alpha="0"/>
                <ofd:TextCode X="0.5186" Y="2.734" DeltaX="3.17 3.17 3.18 3.18">复核：</ofd:TextCode>
            </ofd:TextObject>
            <ofd:TextObject ID="79" Boundary="12 125.5 16.91 3" Font="83" Size="3.17">
                <ofd:FillColor Value="156 82 35" ColorSpace="82"/>
                <ofd:StrokeColor Value="156 82 35" Alpha="0"/>
                <ofd:TextCode X="0.5186" Y="2.734" DeltaX="3.17 3.17 3.18 3.18">收款人：</ofd:TextCode>
            </ofd:TextObject>
            <ofd:TextObject ID="80" Boundary="120.3 107.5 4.11 4.41" Font="83" Size="3.17">
                <ofd:FillColor Value="156 82 35" ColorSpace="82"/>
                <ofd:StrokeColor Value="156 82 35" Alpha="0"/>
                <ofd:TextCode X="0.25" Y="3.15">备</ofd:TextCode>
            </ofd:TextObject>
            <ofd:TextObject ID="81" Boundary="120.3 117.2 4.11 4.41" Font="83" Size="3.17">
                <ofd:FillColor Value="156 82 35" ColorSpace="82"/>
                <ofd:StrokeColor Value="156 82 35" Alpha="0"/>
                <ofd:TextCode X="0.25" Y="3.15">注</ofd:TextCode>
            </ofd:TextObject>
        </ofd:Layer>
    </ofd:Content>
</ofd:Page>