<?xml version="1.0" encoding="UTF-8"?>
<ofd:Signature xmlns:ofd="http://www.ofdspec.org/2016">
  <ofd:SignedInfo>
    <ofd:Provider ProviderName="gomain_eseal" Company="gomain" Version="2.0"/>
    <ofd:SignatureMethod>1.2.156.10197.1.501</ofd:SignatureMethod>
    <ofd:SignatureDateTime>20200428025251Z</ofd:SignatureDateTime>
    <ofd:References CheckMethod="1.2.156.10197.1.401">
      <ofd:Reference FileRef="/Doc_0/Tags/CustomTags.xml">
        <ofd:CheckValue>vFrtnx5Ji7UcP+vuAy412cH058okxLxgIukdtOQqRfI=</ofd:CheckValue>
      </ofd:Reference>
      <ofd:Reference FileRef="/Doc_0/Tpls/Tpl_0/Content.xml">
        <ofd:CheckValue>VbzfjWFJ9pihSITk8UpeLxckArkTI18tTG/hE/fX0xM=</ofd:CheckValue>
      </ofd:Reference>
      <ofd:Reference FileRef="/Doc_0/Attachs/Attachments.xml">
        <ofd:CheckValue>CtIP6sWlx/ojYVyl42iy6qbfj5AAnAjkY8i72WCluaM=</ofd:CheckValue>
      </ofd:Reference>
      <ofd:Reference FileRef="/Doc_0/DocumentRes.xml">
        <ofd:CheckValue>AX982SXAfZgTTX74AUYjhscYUgTDOlpnkX6JT+XR2yA=</ofd:CheckValue>
      </ofd:Reference>
      <ofd:Reference FileRef="/Doc_0/Annots/Page_0/Annotation.xml">
        <ofd:CheckValue>NvHN0q1M/y1qbCdOTNKHJ74d2XoCXYw9PMQiPtboOgs=</ofd:CheckValue>
      </ofd:Reference>
      <ofd:Reference FileRef="/Doc_0/Attachs/original_invoice.xml">
        <ofd:CheckValue>rUBFWTzbMXiF2aNaxsgINqBsM7wi048tE9wn56lbAy8=</ofd:CheckValue>
      </ofd:Reference>
      <ofd:Reference FileRef="/Doc_0/Document.xml">
        <ofd:CheckValue>vctnIWXLZuAedaCt1aOJTzwnJtASlNBkYOqRbYaXstw=</ofd:CheckValue>
      </ofd:Reference>
      <ofd:Reference FileRef="/OFD.xml">
        <ofd:CheckValue>2wHfQNqh+h0DGEbJ9eGyxNQMfyVs18b+nkQUw1UA9Yc=</ofd:CheckValue>
      </ofd:Reference>
      <ofd:Reference FileRef="/Doc_0/PublicRes.xml">
        <ofd:CheckValue>OXRXWs6Fbx4mGG0dGfW5KrOZUmPUX/6cm+xRSpGrvuE=</ofd:CheckValue>
      </ofd:Reference>
      <ofd:Reference FileRef="/Doc_0/Annots/Annotations.xml">
        <ofd:CheckValue>8qc0eZJsv5YhDhyFFuxBVkV2yX3yrof+JnblYTWerZo=</ofd:CheckValue>
      </ofd:Reference>
      <ofd:Reference FileRef="/Doc_0/Pages/Page_0/Content.xml">
        <ofd:CheckValue>n7Ip+uoQdbJ6Y4iO1mrqbHYPA1LAGby7k7HQXmFzRz0=</ofd:CheckValue>
      </ofd:Reference>
      <ofd:Reference FileRef="/Doc_0/Res/ewm.png">
        <ofd:CheckValue>990S58Hbjvoj3BT2isxWwSthCrJXfzvJm+Ukq1JSUh0=</ofd:CheckValue>
      </ofd:Reference>
      <ofd:Reference FileRef="/Doc_0/Tags/Tag_Invoice.xml">
        <ofd:CheckValue>UqC0xb6Kkq+f5C0n3hqCkSJbB3HfV9eYPrF7gQTGCJ8=</ofd:CheckValue>
      </ofd:Reference>
    </ofd:References>
    <ofd:StampAnnot PageRef="2" ID="1" Boundary="90.0 8.0 30.0 20.0"/>
  </ofd:SignedInfo>
  <ofd:SignedValue>/Doc_0/Signs/Sign_0/SignedValue.dat</ofd:SignedValue>
</ofd:Signature>
