<?xml version="1.0" encoding="UTF-8"?>
<ofd:Page xmlns:ofd="http://www.ofdspec.org/2016">
    <ofd:Template TemplateID="1" ZOrder="Background"/>
    <ofd:Content>
        <ofd:Layer ID="87">
                        <ofd:ImageObject ID="88" CTM="20 0 0 20 0 0" Boundary="8.5 4 20 20" ResourceID="86"/>
            <ofd:TextObject ID="89" Boundary="165.39 5.93 40 5.29" Font="84" Size="3.175">
                <ofd:TextCode X="0" Y="4.2321" DeltaX="g 11 1.59">022002000113</ofd:TextCode>
            </ofd:TextObject>
            <ofd:TextObject ID="90" Boundary="165.39 11.44 40 5.29" Font="84" Size="3.175">
                <ofd:TextCode X="0" Y="4.2321" DeltaX="g 7 1.59">20116529</ofd:TextCode>
            </ofd:TextObject>
            <ofd:TextObject ID="91" Boundary="165.39 17.2 40 5.29" Font="84" Size="3.175">
                <ofd:TextCode X="0" Y="4.2321" DeltaX="g 4 1.59 3.17 g 2 1.59 3.18 g 2 1.59">2020年04月28日</ofd:TextCode>
            </ofd:TextObject>
            <ofd:TextObject ID="92" Boundary="20.89 24.5 42.85 4.23" Font="84" Size="3.175">
                <ofd:TextCode X="0" Y="3.175" DeltaX="g 11 1.59">016000003435</ofd:TextCode>
            </ofd:TextObject>
            <ofd:TextObject ID="93" Boundary="165.39 22.75 40 5.29" Font="84" Size="3.175">
                <ofd:TextCode X="0" Y="4.2321" DeltaX="g 19 1.59">16064818269161246176</ofd:TextCode>
            </ofd:TextObject>
            <ofd:TextObject ID="94" Boundary="36.23 30.00 82.5 5.50" Font="84" Size="3.175">
                <ofd:TextCode X="0" Y="4.338" DeltaX="3.175 3.175 3.175 3.175 3.175 3.175 3.175 3.175 3.175 3.175 3.175">乐信（上海）贸易有限公司</ofd:TextCode>
            </ofd:TextObject>
            <ofd:TextObject ID="95" Boundary="36.23 35.5 82.5 5.50" Font="85" Size="4.2333">
                <ofd:TextCode X="0" Y="4.2315" DeltaX="g 17 2.54">91310000336466103C</ofd:TextCode>
            </ofd:TextObject>
            <ofd:TextObject ID="96" Boundary="36.23 41.00 82.5 5.50" Font="84" Size="3.175">
                <ofd:TextCode X="0" Y="4.338" DeltaX="3.175 3.175 1.587 1.587 1.587 1.587 1.587 1.587 1.587 1.587 1.587 1.587">北京17602121138</ofd:TextCode>
            </ofd:TextObject>
            <ofd:TextObject ID="97" Boundary="36.23 46.50 82.5 5.50" Font="84" Size="3.175">
                <ofd:TextCode X="0" Y="4.338" DeltaX="3.175 3.175 3.175 3.175 1.587 1.587 1.587 1.587 1.587 1.587 1.587 1.587 1.587 1.587 1.587 1.587 1.587 1.587 1.587 1.587 1.587 1.587">北京银行6221100210046350777</ofd:TextCode>
            </ofd:TextObject>
            <ofd:TextObject ID="98" Boundary="126.5 30.2 77.5 20" Font="85" Size="4.2333">
                <ofd:TextCode X="0" Y="4.2333" DeltaX="g 27 2.7763 -74.96 g 27 2.7763 -74.96 g 27 2.7763 -74.96 g 27 2.7763" DeltaY="g 27 0 5.2556 g 27 0 5.2556 g 27 0 5.2556 g 27 0">*66511&gt;+&gt;0&lt;38&lt;-22--+8/&gt;2*&lt;*17441&lt;5&gt;19*9&lt;&lt;8798+05+7-&gt;&gt;0-77*6/40/38267+9&lt;59978*&gt;56958-05525723*4+&lt;69/813929*84*2&lt;3</ofd:TextCode>
            </ofd:TextObject>

                <ofd:TextObject ID="116" Boundary="5.5 56 51 4.5" Font="84" Size="3.175">
                    <ofd:TextCode X="0" Y="3.838" DeltaX="1.587 3.175 3.175 3.175 3.175 3.175 1.587 3.175 3.175 3.175 3.175">*谷物加工品*黑龙江大米</ofd:TextCode>
                </ofd:TextObject>
                    <ofd:TextObject ID="117" Boundary="57.5 56 25 4.5" Font="84" Size="3.175">
                        <ofd:TextCode X="0" Y="3.838" DeltaX="1.587 1.587 1.587 1.587 1.587 1.587">AAAAAAA</ofd:TextCode>
                    </ofd:TextObject>
                <ofd:TextObject ID="118" Boundary="82.5 56 12 4.5" Font="84" Size="3.175">
                    <ofd:TextCode X="4.413" Y="3.838" DeltaX="">个</ofd:TextCode>
                </ofd:TextObject>
                    <ofd:TextObject ID="119" Boundary="94.5 56 19 4.5" Font="84" Size="3.175">
                        <ofd:TextCode X="6.304" Y="3.838" DeltaX="1.587 1.587 1.587 1.587 1.587 1.587 1.587">1.000000</ofd:TextCode>
                    </ofd:TextObject>
                <ofd:TextObject ID="120" Boundary="114.5 56 19 4.5" Font="84" Size="3.175">
                    <ofd:TextCode X="3.130" Y="3.838" DeltaX="1.587 1.587 1.587 1.587 1.587 1.587 1.587 1.587 1.587">100.000000</ofd:TextCode>
                </ofd:TextObject>
                <ofd:TextObject ID="121" Boundary="134.5 56 29 4.5" Font="84" Size="3.175">
                    <ofd:TextCode X="19.478" Y="3.838" DeltaX="1.587 1.587 1.587 1.587 1.587">100.00</ofd:TextCode>
                </ofd:TextObject>
                <ofd:TextObject ID="122" Boundary="164.5 56 10 4.5" Font="84" Size="3.175">
                    <ofd:TextCode X="6.826" Y="3.838" DeltaX="1.587">9%</ofd:TextCode>
                </ofd:TextObject>
                <ofd:TextObject ID="123" Boundary="175.5 56 29 4.5" Font="84" Size="3.175">
                    <ofd:TextCode X="22.652" Y="3.838" DeltaX="1.587 1.587 1.587">9.00</ofd:TextCode>
                </ofd:TextObject>
            <ofd:TextObject ID="99" Boundary="134.42 90.7 29 5.2" Font="85" Size="3.175">
                <ofd:TextCode X="17.478" Y="3.838">¥</ofd:TextCode>
            </ofd:TextObject>
            <ofd:TextObject ID="100" Boundary="134.42 90.7 29 5.2" Font="85" Size="3.175">
                <ofd:TextCode X="19.478" Y="3.838" DeltaX="1.587 1.587 1.587 1.587 1.587">100.00</ofd:TextCode>
            </ofd:TextObject>
            <ofd:TextObject ID="101" Boundary="175.68 90.7 29 5.2" Font="85" Size="3.175">
                <ofd:TextCode X="20.652" Y="3.838">¥</ofd:TextCode>
            </ofd:TextObject>
            <ofd:TextObject ID="102" Boundary="175.68 90.7 29 5.2" Font="85" Size="3.175">
                <ofd:TextCode X="22.652" Y="3.838" DeltaX="1.587 1.587 1.587">9.00</ofd:TextCode>
            </ofd:TextObject>
            <ofd:PathObject ID="103" Boundary="56.8 97.6 6 6" LineWidth="0.25">
                <ofd:AbbreviatedData>M 5.6 2.6 B 5.6 3.99 4.49 5.1 3.1 5.1 B 1.71 5.1 0.6 3.99 0.6 2.6 B 0.6 1.21 1.71 0.1 3.1 0.1 B 4.49 0.1 5.6 1.21 5.6 2.6 </ofd:AbbreviatedData>
            </ofd:PathObject>
            <ofd:PathObject ID="1030" Boundary="58.05 98.25 6 6" LineWidth="0.25">
                <ofd:AbbreviatedData>M 3.4 0 L 0.3 4 </ofd:AbbreviatedData>
            </ofd:PathObject>
            <ofd:PathObject ID="1031" Boundary="57.71 98.41 6 6" LineWidth="0.25">
                <ofd:AbbreviatedData>M 0.4 0 L 3.7 3.7 </ofd:AbbreviatedData>
            </ofd:PathObject>
            <ofd:TextObject ID="1032" Boundary="63 95.8 95.48 7.94" Font="84" Size="3.175">
                <ofd:TextCode X="0" Y="5.588" DeltaX="3.175 3.175 3.175 3.175 3.175">壹佰零玖圆整</ofd:TextCode>
            </ofd:TextObject>
            <ofd:TextObject ID="105" Boundary="165.6 95.5 38.8 7.94" Font="85" Size="3.8806">
                <ofd:TextCode X="0" Y="5.91">¥</ofd:TextCode>
            </ofd:TextObject>
            <ofd:TextObject ID="106" Boundary="165.6 95.5 38.8 7.94" Font="85" Size="3.880">
                <ofd:TextCode X="2.3284" Y="5.940" DeltaX="1.940 1.940 1.940 1.940 1.940">109.00</ofd:TextCode>
            </ofd:TextObject>
            <ofd:TextObject ID="107" Boundary="36.23 104.01 82.5 5.29" Font="84" Size="3.175">
                <ofd:TextCode X="0" Y="4.338" DeltaX="3.175 3.175 3.175 3.175 3.175 3.175 3.175 3.175 3.175 3.175">深圳市晨光乳业有限公司</ofd:TextCode>
            </ofd:TextObject>
            <ofd:TextObject ID="108" Boundary="36.23 108.51 82.5 4.76" Font="85" Size="4.2333">
                <ofd:TextCode X="0" Y="4.4968" DeltaX="g 17 2.54">91440300192370865R</ofd:TextCode>
            </ofd:TextObject>
            <ofd:TextObject ID="109" Boundary="36.23 113.2 82.5 5.2" Font="84" Size="3.175">
                <ofd:TextCode X="0" Y="4.338" DeltaX="3.175 3.175 3.175 3.175 1.587 1.587 1.587 1.587 1.587 1.587 1.587 1.587 1.587 1.587">上海宝山15771092215</ofd:TextCode>
            </ofd:TextObject>
            <ofd:TextObject ID="110" Boundary="36.23 117.89 82.5 5.2" Font="84" Size="3.175">
                <ofd:TextCode X="0" Y="4.338" DeltaX="3.175 3.175 3.175 3.175 1.587 1.587 1.587 1.587 1.587 1.587 1.587 1.587 1.587 1.587 1.587 1.587 1.587 1.587 1.587 1.587 1.587 1.587">上海银行6221100210046350011</ofd:TextCode>
            </ofd:TextObject>
                <ofd:TextObject ID="111" Boundary="125.5 104.01 79 18" Font="84" Size="3.17">
                    <ofd:TextCode X="0" Y="4.2351" DeltaX="3.175 3.175 3.175 3.175 3.175 3.175 3.175 3.175 3.175 1.587 1.587 1.587 1.587 3.175 3.175 3.175 3.175 3.175 3.175 3.175 3.175 3.175">以上数据为票据中心Mock所得，仅供测试使用。</ofd:TextCode>
                </ofd:TextObject>
            <ofd:TextObject ID="112" Boundary="24 124 26.18 5.3" Font="84" Size="3.175">
                <ofd:TextCode X="0" Y="4.2351" DeltaX="g 2 3.17">七宝</ofd:TextCode>
            </ofd:TextObject>
            <ofd:TextObject ID="113" Boundary="78 124 26.18 5.3" Font="84" Size="3.175">
                <ofd:TextCode X="0" Y="4.2351" DeltaX="g 2 3.17">戈薇</ofd:TextCode>
            </ofd:TextObject>
            <ofd:TextObject ID="114" Boundary="124 124 26.18 5.3" Font="84" Size="3.175">
                <ofd:TextCode X="0" Y="4.2351" DeltaX="g 2 3.17">犬夜叉</ofd:TextCode>
            </ofd:TextObject>
        </ofd:Layer>
    </ofd:Content>
</ofd:Page>