<?xml version="1.0" encoding="UTF-8"?>
<fp:TAX_TICKET xmlns:ofd="http://www.ofdspec.org/2016" xmlns:fp="http://www.e-invoice.gov.cn/2017">
	<fp:COMMON_ZZS>
		<fp:HEAD>
			<fp:FP_BT>
				<ofd:ObjectRef PageRef="100">148</ofd:ObjectRef>
			</fp:FP_BT>
			<fp:FP_DM>
				<ofd:ObjectRef PageRef="100">149</ofd:ObjectRef>
			</fp:FP_DM>
			<fp:FP_HM>
				<ofd:ObjectRef PageRef="100">151</ofd:ObjectRef>
			</fp:FP_HM>
			<fp:KPRQ>
				<ofd:ObjectRef PageRef="100">152</ofd:ObjectRef>
			</fp:KPRQ>
			<fp:JYM>
				<ofd:ObjectRef PageRef="100">153</ofd:ObjectRef>
			</fp:JYM>
			<fp:JQBH>
				<ofd:ObjectRef PageRef="100">154</ofd:ObjectRef>
			</fp:JQBH>
		</fp:HEAD>
		<fp:BUYER>
			<fp:GMF>
				<fp:MC>
					<ofd:ObjectRef PageRef="100">155</ofd:ObjectRef>
				</fp:MC>
				<fp:NSRSBH/>
				<fp:DZDH>
					<ofd:ObjectRef PageRef="100">156</ofd:ObjectRef>
				</fp:DZDH>
				<fp:YHZH/>
				<fp:MW>
					<ofd:ObjectRef PageRef="100">157</ofd:ObjectRef>
					<ofd:ObjectRef PageRef="100">158</ofd:ObjectRef>
					<ofd:ObjectRef PageRef="100">159</ofd:ObjectRef>
					<ofd:ObjectRef PageRef="100">160</ofd:ObjectRef>
				</fp:MW>
			</fp:GMF>
		</fp:BUYER>
		<fp:DETAIL>
			<fp:COMMOM_FPKJ_XMXX>
				<fp:XMMC>
					<ofd:ObjectRef PageRef="100">162</ofd:ObjectRef>
				</fp:XMMC>
				<fp:GGXH>
					<ofd:ObjectRef PageRef="100">163</ofd:ObjectRef>
				</fp:GGXH>
				<fp:DW/>
				<fp:XMSL>
					<ofd:ObjectRef PageRef="100">164</ofd:ObjectRef>
				</fp:XMSL>
				<fp:XMDJ>
					<ofd:ObjectRef PageRef="100">165</ofd:ObjectRef>
				</fp:XMDJ>
				<fp:XMJE>
					<ofd:ObjectRef PageRef="100">166</ofd:ObjectRef>
				</fp:XMJE>
				<fp:SL>
					<ofd:ObjectRef PageRef="100">167</ofd:ObjectRef>
				</fp:SL>
				<fp:SE>
					<ofd:ObjectRef PageRef="100">168</ofd:ObjectRef>
				</fp:SE>
			</fp:COMMOM_FPKJ_XMXX>
		</fp:DETAIL>
		<fp:MXHJ>
			<fp:HJJE>
				<ofd:ObjectRef PageRef="100">179</ofd:ObjectRef>
			</fp:HJJE>
			<fp:HJSE>
				<ofd:ObjectRef PageRef="100">180</ofd:ObjectRef>
			</fp:HJSE>
		</fp:MXHJ>
		<fp:JSHJ>
			<fp:JSHJ_DX>
				<ofd:ObjectRef PageRef="100">184</ofd:ObjectRef>
			</fp:JSHJ_DX>
			<fp:JSHJ_XX>
				<ofd:ObjectRef PageRef="100">185</ofd:ObjectRef>
			</fp:JSHJ_XX>
		</fp:JSHJ>
		<fp:SALE>
			<fp:XSF>
				<fp:XSF_MC>
					<ofd:ObjectRef PageRef="100">187</ofd:ObjectRef>
				</fp:XSF_MC>
				<fp:XSF_NSRSBH>
					<ofd:ObjectRef PageRef="100">188</ofd:ObjectRef>
				</fp:XSF_NSRSBH>
				<fp:XSF_DZDH>
					<ofd:ObjectRef PageRef="100">190</ofd:ObjectRef>
				</fp:XSF_DZDH>
				<fp:XSF_YHZH>
					<ofd:ObjectRef PageRef="100">191</ofd:ObjectRef>
				</fp:XSF_YHZH>
			</fp:XSF>
			<fp:BZ/>
		</fp:SALE>
		<fp:TAIL>
			<fp:SKR>
				<ofd:ObjectRef PageRef="100">193</ofd:ObjectRef>
			</fp:SKR>
			<fp:FHR>
				<ofd:ObjectRef PageRef="100">194</ofd:ObjectRef>
			</fp:FHR>
			<fp:KPR>
				<ofd:ObjectRef PageRef="100">195</ofd:ObjectRef>
			</fp:KPR>
		</fp:TAIL>
	</fp:COMMON_ZZS>
</fp:TAX_TICKET>
