<?xml version="1.0" encoding="UTF-8"?>
<ofd:Signature xmlns:ofd="http://www.ofdspec.org/2016">
	<ofd:SignedInfo>
		<ofd:Provider ProviderName="Sign" Version="V1.0" Company="AztSign"/>
		<ofd:SignatureMethod>1.2.840.113549.1.1.4</ofd:SignatureMethod>
		<ofd:SignatureDateTime>170920102214Z</ofd:SignatureDateTime>
		<ofd:References CheckMethod="1.2.840.113549.2.5">
			<ofd:Reference FileRef="/Doc_0/Pages/Page_0/Content.xml">
				<ofd:CheckValue>I6Gp/h6ukMJSHjH6v8MaFw==</ofd:CheckValue>
			</ofd:Reference>
			<ofd:Reference FileRef="/Doc_0/PublicRes.xml">
				<ofd:CheckValue>uZOof1PpIRG6CFNzISNQpQ==</ofd:CheckValue>
			</ofd:Reference>
			<ofd:Reference FileRef="/Doc_0/Tags/CustomTags.xml">
				<ofd:CheckValue>ff9BuP7Ugod/9x8NvhuIWA==</ofd:CheckValue>
			</ofd:Reference>
			<ofd:Reference FileRef="/Doc_0/Document.xml">
				<ofd:CheckValue>50E9jiNnzuExcV1Gg0BtgQ==</ofd:CheckValue>
			</ofd:Reference>
			<ofd:Reference FileRef="/Doc_0/Signs/Sign_0/Seal.esl">
				<ofd:CheckValue>ceZDxU7Q6imD2lHquwR/AQ==</ofd:CheckValue>
			</ofd:Reference>
		</ofd:References>
		<ofd:StampAnnot ID="2" PageRef="100" Boundary="140 104 44 33"/>
		<ofd:Seal>
			<ofd:BaseLoc>/Doc_0/Signs/Sign_0/Seal.esl</ofd:BaseLoc>
		</ofd:Seal>
	</ofd:SignedInfo>
	<ofd:SignedValue>/Doc_0/Signs/Sign_0/SignedValue.dat</ofd:SignedValue>
</ofd:Signature>
