<?xml version="1.0" encoding="UTF-8"?>
<ofd:Page xmlns:ofd="http://www.ofdspec.org/2016">
	<ofd:Area>
		<ofd:PhysicalBox>0 0 215 139</ofd:PhysicalBox>
	</ofd:Area>
	<ofd:Content>
		<ofd:Layer ID="3">
			<ofd:TextObject ID="5" Boundary="153.5 6.26 14.29 3.18" Font="6" Size="3.17">
				<ofd:FillColor Value="167 90 7"/>
				<ofd:TextCode X="0.48" Y="2.73" DeltaX="3.17 3.18 3.18">发票代码</ofd:TextCode>
			</ofd:TextObject>
			<ofd:TextObject ID="7" Boundary="166.2 6.26 4.76 3.18" Font="6" Size="3.17">
				<ofd:FillColor Value="167 90 7"/>
				<ofd:TextCode X="0.48" Y="2.73">：</ofd:TextCode>
			</ofd:TextObject>
			<ofd:TextObject ID="8" Boundary="153.5 12.35 14.29 3.18" Font="6" Size="3.17">
				<ofd:FillColor Value="167 90 7"/>
				<ofd:TextCode X="0.48" Y="2.73" DeltaX="3.17 3.18 3.18">发票号码</ofd:TextCode>
			</ofd:TextObject>
			<ofd:TextObject ID="9" Boundary="166.2 12.35 4.76 3.18" Font="6" Size="3.17">
				<ofd:FillColor Value="167 90 7"/>
				<ofd:TextCode X="0.48" Y="2.73">：</ofd:TextCode>
			</ofd:TextObject>
			<ofd:TextObject ID="10" Boundary="153.5 18.7 14.29 3.17" Font="6" Size="3.17">
				<ofd:FillColor Value="167 90 7"/>
				<ofd:TextCode X="0.48" Y="2.73" DeltaX="3.17 3.18 3.18">开票日期</ofd:TextCode>
			</ofd:TextObject>
			<ofd:TextObject ID="11" Boundary="166.2 18.7 4.76 3.17" Font="6" Size="3.17">
				<ofd:FillColor Value="167 90 7"/>
				<ofd:TextCode X="0.48" Y="2.73">：</ofd:TextCode>
			</ofd:TextObject>
			<ofd:TextObject ID="12" Boundary="180.2 18.96 4.76 3.17" Font="6" Size="3.17">
				<ofd:FillColor Value="167 90 7"/>
				<ofd:TextCode X="0.48" Y="2.73">年</ofd:TextCode>
			</ofd:TextObject>
			<ofd:TextObject ID="13" Boundary="190 18.96 4.76 3.17" Font="6" Size="3.17">
				<ofd:FillColor Value="167 90 7"/>
				<ofd:TextCode X="0.48" Y="2.73">月</ofd:TextCode>
			</ofd:TextObject>
			<ofd:TextObject ID="14" Boundary="199 18.96 4.76 3.17" Font="6" Size="3.17">
				<ofd:FillColor Value="167 90 7"/>
				<ofd:TextCode X="0.48" Y="2.73">日</ofd:TextCode>
			</ofd:TextObject>
			<ofd:TextObject ID="15" Boundary="7.46 24.52 17.46 3.17" Font="6" Size="3.17">
				<ofd:FillColor Value="167 90 7"/>
				<ofd:TextCode X="0.48" Y="2.73" DeltaX="3.17 3.18 3.18 3.18">机器编号：</ofd:TextCode>
			</ofd:TextObject>
			<ofd:TextObject ID="16" Boundary="153.5 24.52 4.76 3.17" Font="6" Size="3.17">
				<ofd:FillColor Value="167 90 7"/>
				<ofd:TextCode X="0.48" Y="2.73">校</ofd:TextCode>
			</ofd:TextObject>
			<ofd:TextObject ID="17" Boundary="158.3 24.52 4.76 3.17" Font="6" Size="3.17">
				<ofd:FillColor Value="167 90 7"/>
				<ofd:TextCode X="0.48" Y="2.73">验</ofd:TextCode>
			</ofd:TextObject>
			<ofd:TextObject ID="18" Boundary="163 24.52 4.76 3.17" Font="6" Size="3.17">
				<ofd:FillColor Value="167 90 7"/>
				<ofd:TextCode X="0.48" Y="2.73">码</ofd:TextCode>
			</ofd:TextObject>
			<ofd:TextObject ID="19" Boundary="166.2 24.52 4.76 3.17" Font="6" Size="3.17">
				<ofd:FillColor Value="167 90 7"/>
				<ofd:TextCode X="0.48" Y="2.73">：</ofd:TextCode>
			</ofd:TextObject>
			<ofd:TextObject ID="20" Boundary="9.49 34.57 4.11 5.23" Font="6" Size="3.17">
				<ofd:FillColor Value="167 90 7"/>
				<ofd:TextCode X="0.38" Y="3.32">购</ofd:TextCode>
			</ofd:TextObject>
			<ofd:TextObject ID="21" Boundary="9.49 39.34 4.11 5.23" Font="6" Size="3.17">
				<ofd:FillColor Value="167 90 7"/>
				<ofd:TextCode X="0.38" Y="3.32">买</ofd:TextCode>
			</ofd:TextObject>
			<ofd:TextObject ID="22" Boundary="9.49 44.1 4.11 5.23" Font="6" Size="3.17">
				<ofd:FillColor Value="167 90 7"/>
				<ofd:TextCode X="0.38" Y="3.32">方</ofd:TextCode>
			</ofd:TextObject>
			<ofd:TextObject ID="23" Boundary="15.4 31.66 4.76 3.18" Font="6" Size="3.17">
				<ofd:FillColor Value="167 90 7"/>
				<ofd:TextCode X="0.48" Y="2.73">名</ofd:TextCode>
			</ofd:TextObject>
			<ofd:TextObject ID="24" Boundary="32.33 31.66 7.94 3.18" Font="6" Size="3.17">
				<ofd:FillColor Value="167 90 7"/>
				<ofd:TextCode X="0.48" Y="2.73" DeltaX="3.17">称：</ofd:TextCode>
			</ofd:TextObject>
			<ofd:TextObject ID="25" Boundary="123.7 34.57 3.42 4.36" Font="6" Size="3.17">
				<ofd:FillColor Value="167 90 7"/>
				<ofd:TextCode X="0.3" Y="3.32">密</ofd:TextCode>
			</ofd:TextObject>
			<ofd:TextObject ID="26" Boundary="123.7 39.34 3.42 4.36" Font="6" Size="3.17">
				<ofd:FillColor Value="167 90 7"/>
				<ofd:TextCode X="0.3" Y="3.32">码</ofd:TextCode>
			</ofd:TextObject>
			<ofd:TextObject ID="27" Boundary="123.7 44.1 3.42 4.36" Font="6" Size="3.17">
				<ofd:FillColor Value="167 90 7"/>
				<ofd:TextCode X="0.3" Y="3.32">区</ofd:TextCode>
			</ofd:TextObject>
			<ofd:TextObject ID="28" Boundary="15.4 37.22 25.14 3.17" Font="6" Size="3.17">
				<ofd:FillColor Value="167 90 7"/>
				<ofd:TextCode X="0.48" Y="2.73" DeltaX="3.44 3.44 3.17 3.44 3.44 3.44">纳税人识别号：</ofd:TextCode>
			</ofd:TextObject>
			<ofd:TextObject ID="29" Boundary="15.4 42.77 4.76 3.17" Font="6" Size="3.17">
				<ofd:FillColor Value="167 90 7"/>
				<ofd:TextCode X="0.48" Y="2.73">地</ofd:TextCode>
			</ofd:TextObject>
			<ofd:TextObject ID="30" Boundary="20.43 42.77 11.38 3.17" Font="6" Size="3.17">
				<ofd:FillColor Value="167 90 7"/>
				<ofd:TextCode X="0.48" Y="2.73" DeltaX="3.44 3.17">址、电</ofd:TextCode>
			</ofd:TextObject>
			<ofd:TextObject ID="31" Boundary="32.33 42.77 8.2 3.17" Font="6" Size="3.17">
				<ofd:FillColor Value="167 90 7"/>
				<ofd:TextCode X="0.48" Y="2.73" DeltaX="3.44">话：</ofd:TextCode>
			</ofd:TextObject>
			<ofd:TextObject ID="32" Boundary="15.4 48.33 25.14 3.17" Font="6" Size="3.17">
				<ofd:FillColor Value="167 90 7"/>
				<ofd:TextCode X="0.48" Y="2.73" DeltaX="3.44 3.44 3.17 3.44 3.44 3.44">开户行及账号：</ofd:TextCode>
			</ofd:TextObject>
			<ofd:TextObject ID="33" Boundary="14.87 53.89 39.69 3.17" Font="6" Size="3.17">
				<ofd:FillColor Value="167 90 7"/>
				<ofd:TextCode X="0.48" Y="2.73" DeltaX="3.17 3.18 3.18 3.18 3.17 3.17 3.17 3.17 3.17 3.17 3.17">货物或应税劳务、服务名称</ofd:TextCode>
			</ofd:TextObject>
			<ofd:TextObject ID="34" Boundary="61.68 53.89 14.11 3.17" Font="6" Size="3.17">
				<ofd:FillColor Value="167 90 7"/>
				<ofd:TextCode X="0.48" Y="2.73" DeltaX="3.17 3.18 3.17">规格型号</ofd:TextCode>
			</ofd:TextObject>
			<ofd:TextObject ID="35" Boundary="78.9 53.89 7.94 3.17" Font="6" Size="3.17">
				<ofd:FillColor Value="167 90 7"/>
				<ofd:TextCode X="0.48" Y="2.73" DeltaX="3.17">单位</ofd:TextCode>
			</ofd:TextObject>
			<ofd:TextObject ID="36" Boundary="96.1 53.89 7.94 3.17" Font="6" Size="3.17">
				<ofd:FillColor Value="167 90 7"/>
				<ofd:TextCode X="0.48" Y="2.73" DeltaX="3.17">数量</ofd:TextCode>
			</ofd:TextObject>
			<ofd:TextObject ID="37" Boundary="120.4 53.89 7.94 3.17" Font="6" Size="3.17">
				<ofd:FillColor Value="167 90 7"/>
				<ofd:TextCode X="0.48" Y="2.73" DeltaX="3.17">单价</ofd:TextCode>
			</ofd:TextObject>
			<ofd:TextObject ID="38" Boundary="148.5 53.89 7.94 3.17" Font="6" Size="3.17">
				<ofd:FillColor Value="167 90 7"/>
				<ofd:TextCode X="0.48" Y="2.73" DeltaX="3.17">金额</ofd:TextCode>
			</ofd:TextObject>
			<ofd:TextObject ID="39" Boundary="168.3 53.89 7.94 3.17" Font="6" Size="3.17">
				<ofd:FillColor Value="167 90 7"/>
				<ofd:TextCode X="0.48" Y="2.73" DeltaX="3.17">税率</ofd:TextCode>
			</ofd:TextObject>
			<ofd:TextObject ID="40" Boundary="188.7 53.89 7.94 3.17" Font="6" Size="3.17">
				<ofd:FillColor Value="167 90 7"/>
				<ofd:TextCode X="0.48" Y="2.73" DeltaX="3.17">税额</ofd:TextCode>
			</ofd:TextObject>
			<ofd:TextObject ID="41" Boundary="25.19 93.05 4.76 3.18" Font="6" Size="3.17">
				<ofd:FillColor Value="167 90 7"/>
				<ofd:TextCode X="0.48" Y="2.73">合</ofd:TextCode>
			</ofd:TextObject>
			<ofd:TextObject ID="42" Boundary="39.48 93.05 4.76 3.18" Font="6" Size="3.17">
				<ofd:FillColor Value="167 90 7"/>
				<ofd:TextCode X="0.48" Y="2.73">计</ofd:TextCode>
			</ofd:TextObject>
			<ofd:TextObject ID="43" Boundary="21.22 98.87 26.99 3.18" Font="6" Size="3.17">
				<ofd:FillColor Value="167 90 7"/>
				<ofd:TextCode X="0.48" Y="2.73" DeltaX="3.17 3.18 3.18 3.18 3.17 3.17 3.17">价税合计（大写）</ofd:TextCode>
			</ofd:TextObject>
			<ofd:TextObject ID="44" Boundary="62.18 97.63 7.13 5.29" Font="45" Size="5.03">
				<ofd:FillColor Value="167 90 7"/>
				<ofd:TextCode X="0.79" Y="4.23">&#xF055;</ofd:TextCode>
			</ofd:TextObject>
			<ofd:TextObject ID="46" Boundary="142.7 98.87 14.29 3.18" Font="6" Size="3.17">
				<ofd:FillColor Value="167 90 7"/>
				<ofd:TextCode X="0.48" Y="2.73" DeltaX="3.17 3.18 3.18">（小写）</ofd:TextCode>
			</ofd:TextObject>
			<ofd:TextObject ID="47" Boundary="9.49 107.6 4.11 5.23" Font="6" Size="3.17">
				<ofd:FillColor Value="167 90 7"/>
				<ofd:TextCode X="0.38" Y="3.32">销</ofd:TextCode>
			</ofd:TextObject>
			<ofd:TextObject ID="48" Boundary="9.49 112.4 4.11 5.23" Font="6" Size="3.17">
				<ofd:FillColor Value="167 90 7"/>
				<ofd:TextCode X="0.38" Y="3.32">售</ofd:TextCode>
			</ofd:TextObject>
			<ofd:TextObject ID="49" Boundary="9.49 117.1 4.11 5.23" Font="6" Size="3.17">
				<ofd:FillColor Value="167 90 7"/>
				<ofd:TextCode X="0.38" Y="3.32">方</ofd:TextCode>
			</ofd:TextObject>
			<ofd:TextObject ID="50" Boundary="15.48 105.9 3.97 2.65" Font="6" Size="2.65">
				<ofd:FillColor Value="167 90 7"/>
				<ofd:TextCode X="0.4" Y="2.28">名</ofd:TextCode>
			</ofd:TextObject>
			<ofd:TextObject ID="51" Boundary="31.88 105.9 6.88 2.65" Font="6" Size="2.65">
				<ofd:FillColor Value="167 90 7"/>
				<ofd:TextCode X="0.4" Y="2.28" DeltaX="2.91">称：</ofd:TextCode>
			</ofd:TextObject>
			<ofd:TextObject ID="52" Boundary="123.5 107.6 4.11 5.23" Font="6" Size="3.17">
				<ofd:FillColor Value="167 90 7"/>
				<ofd:TextCode X="0.38" Y="3.32">备</ofd:TextCode>
			</ofd:TextObject>
			<ofd:TextObject ID="53" Boundary="123.5 117.1 4.11 5.23" Font="6" Size="3.17">
				<ofd:FillColor Value="167 90 7"/>
				<ofd:TextCode X="0.38" Y="3.32">注</ofd:TextCode>
			</ofd:TextObject>
			<ofd:TextObject ID="54" Boundary="15.48 111 23.28 2.65" Font="6" Size="2.65">
				<ofd:FillColor Value="167 90 7"/>
				<ofd:TextCode X="0.4" Y="2.28" DeltaX="3.18 3.18 3.44 3.18 3.18 3.17">纳税人识别号：</ofd:TextCode>
			</ofd:TextObject>
			<ofd:TextObject ID="55" Boundary="15.48 116 3.97 2.65" Font="6" Size="2.65">
				<ofd:FillColor Value="167 90 7"/>
				<ofd:TextCode X="0.4" Y="2.28">地</ofd:TextCode>
			</ofd:TextObject>
			<ofd:TextObject ID="56" Boundary="20.51 116 10.32 2.65" Font="6" Size="2.65">
				<ofd:FillColor Value="167 90 7"/>
				<ofd:TextCode X="0.4" Y="2.28" DeltaX="3.18 3.18">址、电</ofd:TextCode>
			</ofd:TextObject>
			<ofd:TextObject ID="57" Boundary="31.62 116 7.14 2.65" Font="6" Size="2.65">
				<ofd:FillColor Value="167 90 7"/>
				<ofd:TextCode X="0.4" Y="2.28" DeltaX="3.18">话：</ofd:TextCode>
			</ofd:TextObject>
			<ofd:TextObject ID="58" Boundary="15.48 121 23.28 2.65" Font="6" Size="2.65">
				<ofd:FillColor Value="167 90 7"/>
				<ofd:TextCode X="0.4" Y="2.28" DeltaX="3.18 3.18 3.44 3.18 3.18 3.17">开户行及账号：</ofd:TextCode>
			</ofd:TextObject>
			<ofd:TextObject ID="59" Boundary="9.58 125.6 14.29 3.17" Font="6" Size="3.17">
				<ofd:FillColor Value="167 90 7"/>
				<ofd:TextCode X="0.48" Y="2.73" DeltaX="3.17 3.18 3.18">收款人：</ofd:TextCode>
			</ofd:TextObject>
			<ofd:TextObject ID="60" Boundary="65.67 125.6 7.94 3.17" Font="6" Size="3.17">
				<ofd:FillColor Value="167 90 7"/>
				<ofd:TextCode X="0.48" Y="2.73" DeltaX="3.17">复核</ofd:TextCode>
			</ofd:TextObject>
			<ofd:TextObject ID="61" Boundary="72.02 125.6 4.76 3.17" Font="6" Size="3.17">
				<ofd:FillColor Value="167 90 7"/>
				<ofd:TextCode X="0.48" Y="2.73">：</ofd:TextCode>
			</ofd:TextObject>
			<ofd:TextObject ID="62" Boundary="108.8 125.6 11.11 3.17" Font="6" Size="3.17">
				<ofd:FillColor Value="167 90 7"/>
				<ofd:TextCode X="0.48" Y="2.73" DeltaX="3.17 3.18">开票人</ofd:TextCode>
			</ofd:TextObject>
			<ofd:TextObject ID="63" Boundary="118.3 125.6 4.76 3.17" Font="6" Size="3.17">
				<ofd:FillColor Value="167 90 7"/>
				<ofd:TextCode X="0.48" Y="2.73">：</ofd:TextCode>
			</ofd:TextObject>
			<ofd:TextObject ID="64" Boundary="153.3 125.6 11.11 3.17" Font="6" Size="3.17">
				<ofd:FillColor Value="167 90 7"/>
				<ofd:TextCode X="0.48" Y="2.73" DeltaX="3.17 3.18">销售方</ofd:TextCode>
			</ofd:TextObject>
			<ofd:TextObject ID="65" Boundary="162.8 125.6 4.76 3.17" Font="6" Size="3.17">
				<ofd:FillColor Value="167 90 7"/>
				<ofd:TextCode X="0.48" Y="2.73">：</ofd:TextCode>
			</ofd:TextObject>
			<ofd:TextObject ID="66" Boundary="164.4 125.6 11.11 3.17" Font="6" Size="3.17">
				<ofd:FillColor Value="167 90 7"/>
				<ofd:TextCode X="0.48" Y="2.73" DeltaX="3.17 3.18">（章）</ofd:TextCode>
			</ofd:TextObject>
			<ofd:PathObject ID="67" Boundary="7.12 30.58 201.3 0.26">
				<ofd:StrokeColor Value="167 90 7"/>
				<ofd:AbbreviatedData>M 0 0 L 201.3 0</ofd:AbbreviatedData>
			</ofd:PathObject>
			<ofd:PathObject ID="68" Boundary="7.12 52.59 201.3 0.26">
				<ofd:StrokeColor Value="167 90 7"/>
				<ofd:AbbreviatedData>M 0 0 L 201.3 0</ofd:AbbreviatedData>
			</ofd:PathObject>
			<ofd:PathObject ID="69" Boundary="7.12 96.51 201.3 0.26">
				<ofd:StrokeColor Value="167 90 7"/>
				<ofd:AbbreviatedData>M 0 0 L 201.3 0</ofd:AbbreviatedData>
			</ofd:PathObject>
			<ofd:PathObject ID="70" Boundary="7.12 104.5 201.3 0.26">
				<ofd:StrokeColor Value="167 90 7"/>
				<ofd:AbbreviatedData>M 0 0 L 201.3 0</ofd:AbbreviatedData>
			</ofd:PathObject>
			<ofd:PathObject ID="71" Boundary="7.12 124.5 201.3 0.26">
				<ofd:StrokeColor Value="167 90 7"/>
				<ofd:AbbreviatedData>M 0 0 L 201.3 0</ofd:AbbreviatedData>
			</ofd:PathObject>
			<ofd:PathObject ID="72" Boundary="7.25 30.44 0.26 94.17">
				<ofd:StrokeColor Value="167 90 7"/>
				<ofd:AbbreviatedData>M 0 0 L 0 94.17</ofd:AbbreviatedData>
			</ofd:PathObject>
			<ofd:PathObject ID="73" Boundary="15.42 30.44 0.26 22.01">
				<ofd:StrokeColor Value="167 90 7"/>
				<ofd:AbbreviatedData>M 0 0 L 0 22.01</ofd:AbbreviatedData>
			</ofd:PathObject>
			<ofd:PathObject ID="74" Boundary="15.42 104.4 0.26 19.97">
				<ofd:StrokeColor Value="167 90 7"/>
				<ofd:AbbreviatedData>M 0 0 L 0 19.97</ofd:AbbreviatedData>
			</ofd:PathObject>
			<ofd:PathObject ID="75" Boundary="61.4 52.46 0.26 51.93">
				<ofd:StrokeColor Value="167 90 7"/>
				<ofd:AbbreviatedData>M 0 0 L 0 51.93</ofd:AbbreviatedData>
			</ofd:PathObject>
			<ofd:PathObject ID="76" Boundary="77.01 52.46 0.26 43.92">
				<ofd:StrokeColor Value="167 90 7"/>
				<ofd:AbbreviatedData>M 0 0 L 0 43.92</ofd:AbbreviatedData>
			</ofd:PathObject>
			<ofd:PathObject ID="77" Boundary="88.11 52.46 0.26 43.92">
				<ofd:StrokeColor Value="167 90 7"/>
				<ofd:AbbreviatedData>M 0 0 L 0 43.92</ofd:AbbreviatedData>
			</ofd:PathObject>
			<ofd:PathObject ID="78" Boundary="111.3 52.46 0.26 43.92">
				<ofd:StrokeColor Value="167 90 7"/>
				<ofd:AbbreviatedData>M 0 0 L 0 43.92</ofd:AbbreviatedData>
			</ofd:PathObject>
			<ofd:PathObject ID="79" Boundary="123.2 30.44 0.26 22.01">
				<ofd:StrokeColor Value="167 90 7"/>
				<ofd:AbbreviatedData>M 0 0 L 0 22.01</ofd:AbbreviatedData>
			</ofd:PathObject>
			<ofd:PathObject ID="80" Boundary="123.2 104.4 0.26 19.97">
				<ofd:StrokeColor Value="167 90 7"/>
				<ofd:AbbreviatedData>M 0 0 L 0 19.97</ofd:AbbreviatedData>
			</ofd:PathObject>
			<ofd:PathObject ID="81" Boundary="127.5 30.44 0.26 22.01">
				<ofd:StrokeColor Value="167 90 7"/>
				<ofd:AbbreviatedData>M 0 0 L 0 22.01</ofd:AbbreviatedData>
			</ofd:PathObject>
			<ofd:PathObject ID="82" Boundary="127.5 104.4 0.26 19.97">
				<ofd:StrokeColor Value="167 90 7"/>
				<ofd:AbbreviatedData>M 0 0 L 0 19.97</ofd:AbbreviatedData>
			</ofd:PathObject>
			<ofd:PathObject ID="83" Boundary="136.6 52.46 0.26 43.92">
				<ofd:StrokeColor Value="167 90 7"/>
				<ofd:AbbreviatedData>M 0 0 L 0 43.92</ofd:AbbreviatedData>
			</ofd:PathObject>
			<ofd:PathObject ID="84" Boundary="167.7 52.46 0.26 43.92">
				<ofd:StrokeColor Value="167 90 7"/>
				<ofd:AbbreviatedData>M 0 0 L 0 43.92</ofd:AbbreviatedData>
			</ofd:PathObject>
			<ofd:PathObject ID="85" Boundary="176.4 52.46 0.26 43.92">
				<ofd:StrokeColor Value="167 90 7"/>
				<ofd:AbbreviatedData>M 0 0 L 0 43.92</ofd:AbbreviatedData>
			</ofd:PathObject>
			<ofd:PathObject ID="86" Boundary="208.3 30.71 0.26 93.91">
				<ofd:StrokeColor Value="167 90 7"/>
				<ofd:AbbreviatedData>M 0 0 L 0 93.91</ofd:AbbreviatedData>
			</ofd:PathObject>
			<ofd:PathObject ID="87" Boundary="68.13 18.43 79.19 0.40" LineWidth="0.4">
				<ofd:StrokeColor Value="167 90 7"/>
				<ofd:AbbreviatedData>M 0 0.2 L 79.19 0.2</ofd:AbbreviatedData>
			</ofd:PathObject>
			<ofd:PathObject ID="88" Boundary="68.13 17.32 79.19 0.40" LineWidth="0.4">
				<ofd:StrokeColor Value="167 90 7"/>
				<ofd:AbbreviatedData>M 0 0.20 L 79.19 0.20</ofd:AbbreviatedData>
			</ofd:PathObject>
		</ofd:Layer>
	</ofd:Content>
</ofd:Page>
