<?xml version="1.0" encoding="UTF-8"?>
<fp:eInvoice xmlns:fp="http://www.edrm.org.cn/schema/e-invoice/2019" version="1.0">
    <fp:InvoiceCode>
        <ofd:ObjectRef PageRef="2">89</ofd:ObjectRef>
    </fp:InvoiceCode>
    <fp:InvoiceNo>
        <ofd:ObjectRef PageRef="2">90</ofd:ObjectRef>
    </fp:InvoiceNo>
    <fp:IssueDate>
        <ofd:ObjectRef PageRef="2">91</ofd:ObjectRef>
    </fp:IssueDate>
    <fp:MachineNo>
        <ofd:ObjectRef PageRef="2">92</ofd:ObjectRef>
    </fp:MachineNo>
    <fp:InvoiceCheckCode>
        <ofd:ObjectRef PageRef="2">93</ofd:ObjectRef>
    </fp:InvoiceCheckCode>
    <fp:InvoiceClerk>
        <ofd:ObjectRef PageRef="2">114</ofd:ObjectRef>
    </fp:InvoiceClerk>
    <fp:Buyer>
        <fp:BuyerName>
            <ofd:ObjectRef PageRef="2">94</ofd:ObjectRef>
        </fp:BuyerName>
        <fp:BuyerTaxID>
            <ofd:ObjectRef PageRef="2">95</ofd:ObjectRef>
        </fp:BuyerTaxID>
        <fp:BuyerAddrTel>
            <ofd:ObjectRef PageRef="2">96</ofd:ObjectRef>
        </fp:BuyerAddrTel>
        <fp:BuyerFinancialAccount>
            <ofd:ObjectRef PageRef="2">97</ofd:ObjectRef>
        </fp:BuyerFinancialAccount>
    </fp:Buyer>
    <fp:TaxControlCode>
        <ofd:ObjectRef PageRef="2">98</ofd:ObjectRef>
    </fp:TaxControlCode>
    <fp:Seller>
        <fp:SellerName>
            <ofd:ObjectRef PageRef="2">107</ofd:ObjectRef>
        </fp:SellerName>
        <fp:SellerTaxID>
            <ofd:ObjectRef PageRef="2">108</ofd:ObjectRef>
        </fp:SellerTaxID>
        <fp:SellerAddrTel>
            <ofd:ObjectRef PageRef="2">109</ofd:ObjectRef>
        </fp:SellerAddrTel>
        <fp:SellerFinancialAccount>
            <ofd:ObjectRef PageRef="2">110</ofd:ObjectRef>
        </fp:SellerFinancialAccount>
    </fp:Seller>
    <fp:TaxInclusiveTotalAmount>
        <ofd:ObjectRef PageRef="2">105</ofd:ObjectRef>
        <ofd:ObjectRef PageRef="2">106</ofd:ObjectRef>
    </fp:TaxInclusiveTotalAmount>
    <fp:TaxExclusiveTotalAmount>
        <ofd:ObjectRef PageRef="2">99</ofd:ObjectRef>
        <ofd:ObjectRef PageRef="2">100</ofd:ObjectRef>
    </fp:TaxExclusiveTotalAmount>
    <fp:TaxTotalAmount>
        <ofd:ObjectRef PageRef="2">101</ofd:ObjectRef>
        <ofd:ObjectRef PageRef="2">102</ofd:ObjectRef>
    </fp:TaxTotalAmount>
    <fp:Note>
        <ofd:ObjectRef PageRef="2">111</ofd:ObjectRef>
    </fp:Note>
    <fp:Payee>
        <ofd:ObjectRef PageRef="2">112</ofd:ObjectRef>
    </fp:Payee>
    <fp:Checker>
        <ofd:ObjectRef PageRef="2">113</ofd:ObjectRef>
    </fp:Checker>

    <fp:GoodsInfos>
        <fp:GoodsInfo>
            <fp:TaxScheme>
                <ofd:ObjectRef PageRef="2">122</ofd:ObjectRef>
            </fp:TaxScheme>
            <fp:Item>
                <ofd:ObjectRef PageRef="2">116</ofd:ObjectRef>
            </fp:Item>
            <fp:Amount>
                <ofd:ObjectRef PageRef="2">121</ofd:ObjectRef>
            </fp:Amount>
            <fp:TaxAmount>
                <ofd:ObjectRef PageRef="2">123</ofd:ObjectRef>
            </fp:TaxAmount>
        </fp:GoodsInfo>
    </fp:GoodsInfos>
</fp:eInvoice>