<?xml version="1.0" encoding="UTF-8"?>
<ofd:Page xmlns:ofd="http://www.ofdspec.org/2016">
	<ofd:Area>
		<ofd:PhysicalBox>0 0 215 139</ofd:PhysicalBox>
	</ofd:Area>
	<ofd:Template TemplateID="2"/>
	<ofd:Content>
		<ofd:Layer ID="144">
			<ofd:ImageObject ID="146" CTM="30 0 0 19 0 0" Boundary="93.4 8 30 19" ResourceID="147"/>
			<ofd:TextObject ID="148" Boundary="65.24 7.09 84.97 7.14" Font="6" Size="7">
				<ofd:FillColor Value="167 90 7"/>
				<ofd:TextCode X="0.485" Y="6.013" DeltaX="g 11 7">北京市增值税电子普通发票</ofd:TextCode>
			</ofd:TextObject>
			<ofd:TextObject ID="149" Boundary="171.3 6.49 37.9 3.81" Font="150" Size="3.15">
				<ofd:TextCode Y="2.706" DeltaX="g 7 1.58">00000002</ofd:TextCode>
			</ofd:TextObject>
			<ofd:TextObject ID="151" Boundary="171.3 12.59 37.9 3.81" Font="150" Size="3.15">
				<ofd:TextCode Y="2.706" DeltaX="g 9 1.58">2000000001</ofd:TextCode>
			</ofd:TextObject>
			<ofd:TextObject ID="152" Boundary="171.3 19 37.9 3.81" Font="150" Size="3.15">
				<ofd:TextCode Y="2.706" DeltaX="g 16 1.58">2017     8     20</ofd:TextCode>
			</ofd:TextObject>
			<ofd:TextObject ID="153" Boundary="171.3 24.59 37.9 3.81" Font="150" Size="3.15">
				<ofd:TextCode Y="2.706" DeltaX="g 15 1.58">23333 9333 32233</ofd:TextCode>
			</ofd:TextObject>
			<ofd:TextObject ID="154" Boundary="24 24.48 37.9 3.81" Font="150" Size="3.15">
				<ofd:TextCode Y="2.706" DeltaX="g 11 1.58">499099992972</ofd:TextCode>
			</ofd:TextObject>
			<ofd:TextObject ID="155" Boundary="38.89 31.54 77 3.81" Font="150" Size="3.15">
				<ofd:TextCode Y="2.706" DeltaX="g 2 3.15">程春光</ofd:TextCode>
			</ofd:TextObject>
			<ofd:TextObject ID="156" Boundary="38.89 43.21 77.01 3.81" Font="150" Size="3.15">
				<ofd:TextCode Y="2.706" DeltaX="g 17 3.15 g 13 1.58">深圳市宝安区福永街道桥头社区亿宝来  502 67222883</ofd:TextCode>
			</ofd:TextObject>
			<ofd:TextObject ID="157" Boundary="134.9 33.54 68 18" Font="150" Size="3.15">
				<ofd:TextCode Y="2.621" DeltaX="g 27 1.86">032-2008161881/-56+-++&#x3E;717*&#x3E;</ofd:TextCode>
			</ofd:TextObject>
			<ofd:TextObject ID="158" Boundary="134.9 33.54 68 18" Font="150" Size="3.15">
				<ofd:TextCode Y="7.237" DeltaX="g 27 1.86">296110&#x3E;+03*02-9/&#x3E;+-72&#x3E;0/58+9</ofd:TextCode>
			</ofd:TextObject>
			<ofd:TextObject ID="159" Boundary="134.9 33.54 68 18" Font="150" Size="3.15">
				<ofd:TextCode Y="11.85" DeltaX="g 27 1.86">9*3+016&#x3E;--1-9-8481/&#x3E;&#x3E;/&#x3E;+8291</ofd:TextCode>
			</ofd:TextObject>
			<ofd:TextObject ID="160" Boundary="134.9 33.54 68 18" Font="150" Size="3.15">
				<ofd:TextCode Y="16.47" DeltaX="g 27 1.86">&#x3E;47&#x3E;9&#x3E;/591015/07194-86*3&#x3E;533</ofd:TextCode>
			</ofd:TextObject>
			<ofd:TextObject ID="162" Boundary="8 57.39 52 3.81" Font="150" Size="3.15">
				<ofd:TextCode Y="2.706" DeltaX="g 14 3.15">率真小鹿多功能抱枕被两用靠垫</ofd:TextCode>
			</ofd:TextObject>
			<ofd:TextObject ID="163" Boundary="67 57.39 6 3.81" Font="150" Size="3.15">
				<ofd:TextCode Y="2.706">无</ofd:TextCode>
			</ofd:TextObject>
			<ofd:TextObject ID="164" Boundary="89.2 57.39 20 3.81" Font="150" Size="3.15">
				<ofd:TextCode X="16.85" Y="2.706">1</ofd:TextCode>
			</ofd:TextObject>
			<ofd:TextObject ID="165" Boundary="114.5 57.39 20 3.81" Font="150" Size="3.15">
				<ofd:TextCode X="12.13" Y="2.706" DeltaX="g 4 1.58">66.67</ofd:TextCode>
			</ofd:TextObject>
			<ofd:TextObject ID="166" Boundary="138.5 57.39 27 3.81" Font="150" Size="3.15">
				<ofd:TextCode X="19.13" Y="2.706" DeltaX="g 4 1.58">66.67</ofd:TextCode>
			</ofd:TextObject>
			<ofd:TextObject ID="167" Boundary="168.7 57.39 7 3.81" Font="150" Size="3.15">
				<ofd:TextCode X="1.125" Y="2.706" DeltaX="1.58">17%</ofd:TextCode>
			</ofd:TextObject>
			<ofd:TextObject ID="168" Boundary="177.7 57.39 28 3.81" Font="150" Size="3.15">
				<ofd:TextCode X="17.7" Y="2.706" DeltaX="g 4 1.58">11.33</ofd:TextCode>
			</ofd:TextObject>
			<ofd:TextObject ID="179" Boundary="138.5 92.3 27 3.81" Font="150" Size="3.15">
				<ofd:TextCode X="19.03" Y="3.203" DeltaX="g 5 1.58">66.67</ofd:TextCode>
			</ofd:TextObject>
			<ofd:TextObject ID="180" Boundary="177.7 92.3 28 3.81" Font="150" Size="3.15">
				<ofd:TextCode X="17.7" Y="3.203" DeltaX="g 4 1.58">11.33</ofd:TextCode>
			</ofd:TextObject>
			<ofd:TextObject ID="184" Boundary="66.86 98.34 70.66 4" Font="150" Size="3.15">
				<ofd:TextCode Y="3.106" DeltaX="g 3 3.15">柒拾捌圓</ofd:TextCode>
			</ofd:TextObject>
			<ofd:TextObject ID="185" Boundary="142.7 98.34 45 4" Font="150" Size="3.15">
				<ofd:TextCode X="13.68" Y="3.106" DeltaX="g 5 1.58">¥78.00</ofd:TextCode>
			</ofd:TextObject>
			<ofd:TextObject ID="187" Boundary="38.89 105.5 82 3.81" Font="150" Size="3.15">
				<ofd:TextCode Y="2.706" DeltaX="g 11 3.15">大贲创新（北京）有限公司</ofd:TextCode>
			</ofd:TextObject>
			<ofd:TextObject ID="188" Boundary="38.89 110.6 82 3.81" Font="150" Size="3.15">
				<ofd:TextCode Y="2.706" DeltaX="g 17 1.60">91110114MA006LYW5M</ofd:TextCode>
			</ofd:TextObject>
			<ofd:TextObject ID="190" Boundary="38.89 116.2 82 3.81" Font="150" Size="3.15">
				<ofd:TextCode Y="2.706" DeltaX="g 16 3.15 1.58 3.15 g 2 1.58 3.15 g 12 1.58">北京市昌平区龙域北街金域国际中心A座9F，(010)54322334</ofd:TextCode>
			</ofd:TextObject>
			<ofd:TextObject ID="191" Boundary="38.89 121 82 3.81" Font="150" Size="3.15">
				<ofd:TextCode Y="2.706" DeltaX="g 9 3.15 g 15 1.58">北京银行回龙观支行2013102393847593</ofd:TextCode>
			</ofd:TextObject>
			<ofd:TextObject ID="193" Boundary="22.89 125.7 41 3.81" Font="150" Size="3.15">
				<ofd:TextCode Y="2.706" DeltaX="3.15">杨过</ofd:TextCode>
			</ofd:TextObject>
			<ofd:TextObject ID="194" Boundary="75.89 125.7 31 3.81" Font="150" Size="3.15">
				<ofd:TextCode Y="2.706" DeltaX="3.15">郭靖</ofd:TextCode>
			</ofd:TextObject>
			<ofd:TextObject ID="195" Boundary="122.4 125.7 30 3.81" Font="150" Size="3.15">
				<ofd:TextCode Y="2.706" DeltaX="3.15">黄蓉</ofd:TextCode>
			</ofd:TextObject>
			<ofd:ImageObject ID="196" CTM="19 0 0 19 0 0" Boundary="15 3 19 19" ResourceID="197"/>
		</ofd:Layer>
	</ofd:Content>
</ofd:Page>
