<?xml version="1.0" encoding="UTF-8"?>
<ofd:OFD xmlns:ofd="http://www.ofdspec.org/2016" Version="1.1" DocType="OFD">
	<ofd:DocBody>
		<ofd:DocInfo>
			<ofd:DocID>ea6f44d1b79c11e5800029f6000028f1</ofd:DocID>
			<ofd:Title>北京市增值税电子普通发票00000002</ofd:Title>
			<ofd:CreationDate>2016-1-10</ofd:CreationDate>
			<ofd:ModDate>2017-09-19 18:29:20</ofd:ModDate>
			<ofd:Author>自动开票机器人</ofd:Author>
			<ofd:Creator>大贲增值税电子发票平台</ofd:Creator>
			<ofd:CustomDatas>
				
			<ofd:CustomData Name="producer">fxformsdk_2.0</ofd:CustomData><ofd:CustomData Name="发票代码">00000002</ofd:CustomData><ofd:CustomData Name="发票号码">2000000001</ofd:CustomData><ofd:CustomData Name="开票日期">20170820</ofd:CustomData><ofd:CustomData Name="校验码">23333933332233</ofd:CustomData><ofd:CustomData Name="购买方名称">程春光</ofd:CustomData><ofd:CustomData Name="销售方名称">大贲创新（北京）有限公司</ofd:CustomData><ofd:CustomData Name="价税合计（大写）">柒拾捌圆</ofd:CustomData></ofd:CustomDatas>
		</ofd:DocInfo>
		<ofd:DocRoot>Doc_0/Document.xml</ofd:DocRoot>
		<ofd:Signatures>/Doc_0/Signs/Signatures.xml</ofd:Signatures>
	</ofd:DocBody>
</ofd:OFD>
